{"cameraMode":{"drawMode":0,"name":"Shaded","section":"Shading Mode"},"sceneLighting":true,"audioPlay":false,"sceneViewState":{"m_AlwaysRefresh":true,"showFog":true,"showSkybox":true,"showFlares":true,"showImageEffects":true,"showParticleSystems":true,"showVisualEffectGraphs":true,"m_FxEnabled":true},"in2DMode":false,"pivot":{"x":-4.232166290283203,"y":-6.131781101226807,"z":35.507293701171878},"rotation":{"x":-0.12861812114715577,"y":0.21014921367168427,"z":-0.027954498305916787,"w":-0.9688073396682739},"size":14.926502227783204,"orthographic":false}